<?xml version="1.0" encoding="UTF-8" ?>
<!DOCTYPE mapper
        PUBLIC "-//mybatis.org//DTD Mapper 3.0//EN"
        "http://mybatis.org/dtd/mybatis-3-mapper.dtd">
<mapper namespace="com.drin.smartpark.project.check.mapper.BsCheckPlicyDeviceMapper">

    <resultMap type="com.drin.smartpark.project.check.entity.BsCheckPlicyDevice" id="SysPlicyDeviceResult">
        <result property="plicyId"     column="Plicy_id"      />
        <result property="deviceId"     column="device_id"      />
    </resultMap>

    <delete id="deleteCheckPlicyDeviceByPlicyId" parameterType="Long">
        delete from bs_check_plicy_device where plicy_id=#{plicyId}
    </delete>

    <select id="countCheckPlicyDeviceById" resultType="Integer">
        select count(1) from bs_check_plicy_device where device_id=#{deviceId}
    </select>

    <delete id="deleteCheckPlicyDevice" parameterType="Long">
        delete from bs_check_plicy_device where plicy_id in
        <foreach collection="array" item="plicyId" open="(" separator="," close=")">
            #{plicyId}
        </foreach>
    </delete>

    <insert id="batchCheckPlicyDevice">
        insert into bs_check_plicy_device(Plicy_id, device_id) values
        <foreach item="item" index="index" collection="list" separator=",">
            (#{item.plicyId},#{item.deviceId})
        </foreach>
    </insert>

</mapper> 