<?xml version="1.0" encoding="UTF-8" ?>
<!DOCTYPE mapper
        PUBLIC "-//mybatis.org//DTD Mapper 3.0//EN"
        "http://mybatis.org/dtd/mybatis-3-mapper.dtd">
<mapper namespace="com.drin.smartpark.project.check.mapper.BsCheckPlicyPostMapper">

    <resultMap type="com.drin.smartpark.project.check.entity.BsCheckPlicyPost" id="SysPlicyPostResult">
        <result property="plicyId"     column="Plicy_id"      />
        <result property="postId"     column="post_id"      />
    </resultMap>

    <delete id="deleteCheckPlicyPostByPlicyId" parameterType="Long">
        delete from bs_check_plicy_post where plicy_id=#{plicyId}
    </delete>

    <select id="countCheckPlicyPostById" resultType="Integer">
        select count(1) from bs_check_plicy_post where post_id=#{postId}
    </select>

    <delete id="deleteCheckPlicyPost" parameterType="Long">
        delete from bs_check_plicy_post where plicy_id in
        <foreach collection="array" item="plicyId" open="(" separator="," close=")">
            #{plicyId}
        </foreach>
    </delete>

    <insert id="batchCheckPlicyPost">
        insert into bs_check_plicy_post(Plicy_id, post_id) values
        <foreach item="item" index="index" collection="list" separator=",">
            (#{item.plicyId},#{item.postId})
        </foreach>
    </insert>

    <select id="selectStaffPostListByPlicyId" parameterType="Long" resultType="Long">
        select p.post_id
        from bs_staff_post p
                 left join bs_check_plicy_post up on up.post_id = p.post_id
                 left join bs_check_plicy pp on pp.plicy_id = up.plicy_id
        where pp.plicy_id = #{plicyId}
    </select>

    <select id="selectStaffPostListByStaffId" parameterType="Long" resultType="Integer">
        select p.post_id
        from bs_staff_post p
                 left join bs_staff_staff_post up on up.post_id = p.post_id
                 left join bs_staff v on v.staff_id = up.staff_id
        where v.staff_id = #{staffId}
    </select>

</mapper> 