<?xml version="1.0" encoding="UTF-8" ?>
<!DOCTYPE mapper
        PUBLIC "-//mybatis.org//DTD Mapper 3.0//EN"
        "http://mybatis.org/dtd/mybatis-3-mapper.dtd">
<mapper namespace="com.drin.smartpark.project.check.mapper.BsCheckPlicyDeptMapper">

    <resultMap type="com.drin.smartpark.project.check.entity.BsCheckPlicyDept" id="SysPlicyDeptResult">
        <result property="plicyId"     column="Plicy_id"      />
        <result property="deptId"     column="dept_id"      />
    </resultMap>

    <delete id="deleteCheckPlicyDeptByPlicyId" parameterType="Long">
        delete from bs_check_plicy_dept where plicy_id=#{plicyId}
    </delete>

    <select id="countCheckPlicyDeptById" resultType="Integer">
        select count(1) from bs_check_plicy_dept where dept_id=#{deptId}
    </select>

    <delete id="deleteCheckPlicyDeptByPlicyIds" parameterType="Long">
        delete from bs_check_plicy_dept where plicy_id in
        <foreach collection="array" item="plicyId" open="(" separator="," close=")">
            #{plicyId}
        </foreach>
    </delete>

    <insert id="batchCheckPlicyDept">
        insert into bs_check_plicy_dept(Plicy_id, dept_id) values
        <foreach item="item" index="index" collection="list" separator=",">
            (#{item.plicyId},#{item.deptId})
        </foreach>
    </insert>

</mapper> 