<?xml version="1.0" encoding="UTF-8" ?>
<!DOCTYPE mapper
        PUBLIC "-//mybatis.org//DTD Mapper 3.0//EN"
        "http://mybatis.org/dtd/mybatis-3-mapper.dtd">
<mapper namespace="com.drin.smartpark.project.check.mapper.BsCommonDeviceMapper">

    <resultMap type="com.drin.smartpark.project.check.entity.BsCommonDevice" id="BsCommonDeviceResult">
        <result property="deviceId"    column="device_id"    />
        <result property="deviceName"    column="device_name"    />
        <result property="parentId"    column="parent_id"    />
        <result property="deviceIp"    column="device_ip"    />
        <result property="account"    column="account"    />
        <result property="password"    column="password"    />
        <result property="deviceType"    column="device_type"    />
        <result property="orderNum"    column="order_num"    />
        <result property="status"    column="status"    />
        <result property="realId"    column="real_id"    />
        <result property="createBy"    column="create_by"    />
        <result property="createTime"    column="create_time"    />
        <result property="updateBy"    column="update_by"    />
        <result property="updateTime"    column="update_time"    />
        <result property="remark"    column="remark"    />
    </resultMap>

    <sql id="selectBsCommonDeviceVo">
        select device_id, device_name, parent_id, device_ip, account, password, device_type, order_num, status, real_id, create_by, create_time, update_by, update_time, remark from bs_common_device
    </sql>

    <select id="selectBsCommonDeviceList" parameterType="com.drin.smartpark.project.check.entity.BsCommonDevice" resultMap="BsCommonDeviceResult">
        <include refid="selectBsCommonDeviceVo"/>
        <where>
            <if test="deviceName != null  and deviceName != ''"> and device_name like concat('%', #{deviceName}, '%')</if>
            <if test="deviceIp != null  and deviceIp != ''"> and device_ip like concat('%', #{deviceIp}, '%')</if>
            <if test="status != null  and status != ''"> and status = #{status}</if>
            <if test="type != null  and type != ''and type =='1'.toString() "> and parent_id !=0 </if>
            <if test="type != null  and type != ''and type =='0'.toString() "> and parent_id =0 </if>
        </where>
    </select>

    <select id="selectBsCommonDeviceById" parameterType="Integer" resultMap="BsCommonDeviceResult">
        <include refid="selectBsCommonDeviceVo"/>
        where device_id = #{deviceId}
    </select>

    <select id="selectBsCommonDeviceByRealId" parameterType="String" resultMap="BsCommonDeviceResult">
        <include refid="selectBsCommonDeviceVo"/>
        where real_id = #{realId}
    </select>

    <insert id="insertBsCommonDevice" parameterType="com.drin.smartpark.project.check.entity.BsCommonDevice" useGeneratedKeys="true" keyProperty="deviceId">
        insert into bs_common_device
        <trim prefix="(" suffix=")" suffixOverrides=",">
            <if test="deviceName != null and deviceName != ''">device_name,</if>
            <if test="parentId != null">parent_id,</if>
            <if test="deviceIp != null and deviceIp != ''">device_ip,</if>
            <if test="account != null and account != ''">account,</if>
            <if test="password != null and password != ''">password,</if>
            <if test="deviceType != null and deviceType != ''">device_type,</if>
            <if test="orderNum != null">order_num,</if>
            <if test="status != null and status != ''">status,</if>
            <if test="realId != null">real_id,</if>
            <if test="createBy != null">create_by,</if>
            <if test="createTime != null">create_time,</if>
            <if test="updateBy != null">update_by,</if>
            <if test="updateTime != null">update_time,</if>
            <if test="remark != null">remark,</if>
        </trim>
        <trim prefix="values (" suffix=")" suffixOverrides=",">
            <if test="deviceName != null and deviceName != ''">#{deviceName},</if>
            <if test="parentId != null">#{parentId},</if>
            <if test="deviceIp != null and deviceIp != ''">#{deviceIp},</if>
            <if test="account != null and account != ''">#{account},</if>
            <if test="password != null and password != ''">#{password},</if>
            <if test="deviceType != null and deviceType != ''">#{deviceType},</if>
            <if test="orderNum != null">#{orderNum},</if>
            <if test="status != null and status != ''">#{status},</if>
            <if test="realId != null">#{realId},</if>
            <if test="createBy != null">#{createBy},</if>
            <if test="createTime != null">#{createTime},</if>
            <if test="updateBy != null">#{updateBy},</if>
            <if test="updateTime != null">#{updateTime},</if>
            <if test="remark != null">#{remark},</if>
        </trim>
    </insert>

    <update id="updateBsCommonDevice" parameterType="com.drin.smartpark.project.check.entity.BsCommonDevice">
        update bs_common_device
        <trim prefix="SET" suffixOverrides=",">
            <if test="deviceName != null and deviceName != ''">device_name = #{deviceName},</if>
            <if test="parentId != null">parent_id = #{parentId},</if>
            <if test="deviceIp != null and deviceIp != ''">device_ip = #{deviceIp},</if>
            <if test="account != null and account != ''">account = #{account},</if>
            <if test="password != null and password != ''">password = #{password},</if>
            <if test="deviceType != null and deviceType != ''">device_type = #{deviceType},</if>
            <if test="orderNum != null">order_num = #{orderNum},</if>
            <if test="status != null and status != ''">status = #{status},</if>
            <if test="realId != null">real_id = #{realId},</if>
            <if test="createBy != null">create_by = #{createBy},</if>
            <if test="createTime != null">create_time = #{createTime},</if>
            <if test="updateBy != null">update_by = #{updateBy},</if>
            <if test="updateTime != null">update_time = #{updateTime},</if>
            <if test="remark != null">remark = #{remark},</if>
        </trim>
        where device_id = #{deviceId}
    </update>

    <delete id="deleteBsCommonDeviceById" parameterType="Integer">
        delete from bs_common_device where device_id = #{deviceId}
    </delete>

    <delete id="deleteBsCommonDeviceByIds" parameterType="String">
        delete from bs_common_device where device_id in
        <foreach item="deviceId" collection="array" open="(" separator="," close=")">
            #{deviceId}
        </foreach>
    </delete>

    <select id="selectCommonDeviceListByPlicyId" parameterType="Long" resultMap="BsCommonDeviceResult">
        select p.device_id,p.device_name,p.device_ip,p.account,p.password,p.real_id
        from bs_common_device p
                 left join bs_check_plicy_device up on up.device_id = p.device_id
                 left join bs_check_plicy pp on pp.plicy_id = up.plicy_id
        where pp.plicy_id = #{plicyId}
    </select>

    <select id="selectCommonDeviceIdListByPlicyId" parameterType="Long" resultType="Long">
        select p.device_id
        from bs_common_device p
                 left join bs_check_plicy_device up on up.device_id = p.device_id
                 left join bs_check_plicy pp on pp.plicy_id = up.plicy_id
        where pp.plicy_id = #{plicyId}
    </select>

</mapper>