<?xml version="1.0" encoding="UTF-8" ?>
<!DOCTYPE mapper
        PUBLIC "-//mybatis.org//DTD Mapper 3.0//EN"
        "http://mybatis.org/dtd/mybatis-3-mapper.dtd">
<mapper namespace="com.drin.smartpark.project.check.mapper.BsQueryRecordMapper">

    <resultMap type="com.drin.smartpark.project.check.entity.BsQueryRecord" id="BsQueryRecordResult">
        <result property="recordId"    column="record_id"    />
        <result property="operatorName"    column="operator_name"    />
        <result property="queryName"    column="query_name"    />
        <result property="queryId"    column="query_id"    />
        <result property="queryBeginTime"    column="query_begin_time"    />
        <result property="queryEndTime"    column="query_end_time"    />
        <result property="createTime"    column="create_time"    />
        <result property="createBy"    column="create_by"    />
    </resultMap>

    <sql id="selectBsQueryRecordVo">
        select record_id, operator_name, query_name, query_id, query_begin_time, query_end_time, create_time, create_by from bs_query_record
    </sql>

    <select id="selectBsQueryRecordList" parameterType="com.drin.smartpark.project.check.entity.BsQueryRecord" resultMap="BsQueryRecordResult">
        <include refid="selectBsQueryRecordVo"/>
        <where>
            <if test="operatorName != null  and operatorName != ''"> and operator_name like concat('%', #{operatorName}, '%')</if>
            <if test="queryName != null  and queryName != ''"> and query_name like concat('%', #{queryName}, '%')</if>
            <if test="queryId != null "> and query_id = #{queryId}</if>
            <if test="queryBeginTime != null "> and query_begin_time = #{queryBeginTime}</if>
            <if test="queryEndTime != null "> and query_end_time = #{queryEndTime}</if>
        </where>
        order by create_time desc
    </select>

    <select id="selectBsQueryRecordById" parameterType="Long" resultMap="BsQueryRecordResult">
        <include refid="selectBsQueryRecordVo"/>
        where record_id = #{recordId}
    </select>

    <insert id="insertBsQueryRecord" parameterType="com.drin.smartpark.project.check.entity.BsQueryRecord" useGeneratedKeys="true" keyProperty="recordId">
        insert into bs_query_record
        <trim prefix="(" suffix=")" suffixOverrides=",">
            <if test="operatorName != null">operator_name,</if>
            <if test="queryName != null">query_name,</if>
            <if test="queryId != null">query_id,</if>
            <if test="queryBeginTime != null">query_begin_time,</if>
            <if test="queryEndTime != null">query_end_time,</if>
            <if test="createTime != null">create_time,</if>
            <if test="createBy != null">create_by,</if>
        </trim>
        <trim prefix="values (" suffix=")" suffixOverrides=",">
            <if test="operatorName != null">#{operatorName},</if>
            <if test="queryName != null">#{queryName},</if>
            <if test="queryId != null">#{queryId},</if>
            <if test="queryBeginTime != null">#{queryBeginTime},</if>
            <if test="queryEndTime != null">#{queryEndTime},</if>
            <if test="createTime != null">#{createTime},</if>
            <if test="createBy != null">#{createBy},</if>
        </trim>
    </insert>

    <update id="updateBsQueryRecord" parameterType="com.drin.smartpark.project.check.entity.BsQueryRecord">
        update bs_query_record
        <trim prefix="SET" suffixOverrides=",">
            <if test="operatorName != null">operator_name = #{operatorName},</if>
            <if test="queryName != null">query_name = #{queryName},</if>
            <if test="queryId != null">query_id = #{queryId},</if>
            <if test="queryBeginTime != null">query_begin_time = #{queryBeginTime},</if>
            <if test="queryEndTime != null">query_end_time = #{queryEndTime},</if>
            <if test="createTime != null">create_time = #{createTime},</if>
            <if test="createBy != null">create_by = #{createBy},</if>
        </trim>
        where record_id = #{recordId}
    </update>

    <delete id="deleteBsQueryRecordById" parameterType="Long">
        delete from bs_query_record where record_id = #{recordId}
    </delete>

    <delete id="deleteBsQueryRecordByIds" parameterType="String">
        delete from bs_query_record where record_id in
        <foreach item="recordId" collection="array" open="(" separator="," close=")">
            #{recordId}
        </foreach>
    </delete>

</mapper>