<?xml version="1.0" encoding="UTF-8" ?>
<!DOCTYPE mapper
        PUBLIC "-//mybatis.org//DTD Mapper 3.0//EN"
        "http://mybatis.org/dtd/mybatis-3-mapper.dtd">
<mapper namespace="com.drin.smartpark.project.check.mapper.BsStaffCaptureDayMapper">

    <resultMap type="com.drin.smartpark.project.check.entity.BsStaffCaptureDay" id="BsStaffCaptureDayResult">
        <result property="historyDayId"    column="history_day_id"    />
        <result property="staffId"    column="staff_id"    />
        <result property="staffName"    column="staff_name"    />
        <result property="staffCard"    column="staff_card"    />
        <result property="imageId"    column="image_id"    />
        <result property="checkDay"    column="check_day"    />
        <result property="status"    column="status"    />
        <result property="remark"    column="remark"    />
        <result property="normalHour"    column="normal_hour"    />
        <result property="createTime"    column="create_time"    />
        <result property="updateBy"    column="update_by"    />
        <result property="updateTime"    column="update_time"    />
        <result property="inTime"    column="in_time"    />
        <result property="outTime"    column="out_time"    />
    </resultMap>

    <resultMap id="GroupCheckDay" type="com.drin.smartpark.project.check.dto.GroupCheckDay">
        <result property="staffId"    column="staff_id"    />
        <result property="staffName"    column="staff_name"    />
        <result property="staffCard"    column="staff_card"    />
        <result property="imageId"    column="image_id"    />
        <result property="status"    column="status"    />
        <result property="normalDay"    column="normal_day"    />
        <result property="errorDay"    column="error_day"    />
    </resultMap>

    <sql id="selectBsStaffCaptureDayVo">
        select history_day_id, staff_id, staff_name, staff_card, image_id, check_day, status, remark, normal_hour, create_time, update_by, update_time, in_time, out_time from bs_staff_capture_day
    </sql>

    <select id="selectBsStaffCaptureDayList" parameterType="com.drin.smartpark.project.check.entity.BsStaffCaptureDay" resultMap="BsStaffCaptureDayResult">
        select scd.history_day_id, scd.staff_id, scd.staff_name, scd.staff_card, scd.image_id, scd.check_day, scd.status, scd.remark, scd.normal_hour, scd.create_time, scd.update_by, scd.update_time, scd.in_time, scd.out_time from bs_staff_capture_day scd
        left join  bs_staff_dept d on scd.dept_id = d.dept_id
        <where>
            <if test="staffName != null  and staffName != ''"> and staff_name like concat('%', #{staffName}, '%')</if>
            <if test="staffCard != null  and staffCard != ''"> and staff_card like concat('%', #{staffCard}, '%')</if>
            <if test="status != null  and status != ''"> and status = #{status}</if>
            <if test="staffId != null  and staffId != 0"> and staff_id =  #{staffId}</if>
            <if test="checkDay != null  and checkDay != ''"> and check_day = #{checkDay} </if>
            <if test="deptId != null  and deptId != 0">
                AND (scd.dept_id = #{deptId} OR d.dept_id IN ( SELECT t.dept_id FROM  bs_staff_dept t WHERE FIND_IN_SET (#{deptId},ancestors) ))
            </if>
            <if test="beginTime != null and beginTime != ''"><!-- 开始时间检索 -->
                AND date_format(scd.create_time,'%y%m%d') &gt;= date_format(#{beginTime},'%y%m%d')
            </if>
            <if test="endTime != null and endTime != ''"><!-- 结束时间检索 -->
                AND date_format(scd.create_time,'%y%m%d') &lt;= date_format(#{endTime},'%y%m%d')
            </if>
        </where>
          order by scd.create_time desc
    </select>

    <select id="selectBsStaffCaptureDayById" parameterType="Long" resultMap="BsStaffCaptureDayResult">
        <include refid="selectBsStaffCaptureDayVo"/>
        where history_day_id = #{historyDayId}
    </select>
    <select id="selectBsStaffCaptureDayGroupList" resultMap="GroupCheckDay">
        SELECT a.staff_id,a.normal_day,a.error_day,s.staff_card,s.staff_name,s.image_id from (
             SELECT scd.staff_id ,sum( case when scd.status = '0'  then 1 else 0 end ) normal_day,sum( case when scd.status= '1'  then 1 else 0 end ) error_day    FROM `bs_staff_capture_day` scd
                left join  bs_staff_dept d on scd.dept_id = d.dept_id
            <where>
                <if test="staffName != null  and staffName != ''"> and staff_name like concat('%', #{staffName}, '%')</if>
                <if test="staffCard != null  and staffCard != ''"> and staff_card like concat('%', #{staffCard}, '%')</if>
                <if test="status != null  and status != ''"> and status = #{status}</if>
                <if test="staffId != null  and staffId != 0"> and staff_id =  #{staffId}</if>
                <if test="checkDay != null  and checkDay != ''"> and check_day = #{checkDay} </if>
                <if test="deptId != null  and deptId != 0">
                    AND (scd.dept_id = #{deptId} OR d.dept_id IN ( SELECT t.dept_id FROM  bs_staff_dept t WHERE FIND_IN_SET (#{deptId},ancestors) ))
                </if>
                <if test="beginTime != null and beginTime != ''"><!-- 开始时间检索 -->
                    AND date_format(scd.create_time,'%y%m%d') &gt;= date_format(#{beginTime},'%y%m%d')
                </if>
                <if test="endTime != null and endTime != ''"><!-- 结束时间检索 -->
                    AND date_format(scd.create_time,'%y%m%d') &lt;= date_format(#{endTime},'%y%m%d')
                </if>
            </where>
             group by staff_id
         ) a LEFT JOIN bs_staff s on a.staff_id = s.staff_id
         where s.staff_id is not null
    </select>

    <insert id="insertBsStaffCaptureDay" parameterType="com.drin.smartpark.project.check.entity.BsStaffCaptureDay" useGeneratedKeys="true" keyProperty="historyDayId">
        insert into bs_staff_capture_day
        <trim prefix="(" suffix=")" suffixOverrides=",">
            <if test="staffId != null">staff_id,</if>
            <if test="staffName != null">staff_name,</if>
            <if test="staffCard != null">staff_card,</if>
            <if test="imageId != null">image_id,</if>
            <if test="checkDay != null">check_day,</if>
            <if test="status != null">status,</if>
            <if test="remark != null">remark,</if>
            <if test="normalHour != null">normal_hour,</if>
            <if test="createTime != null">create_time,</if>
            <if test="updateBy != null">update_by,</if>
            <if test="updateTime != null">update_time,</if>
            <if test="inTime != null">in_time,</if>
            <if test="outTime != null">out_time,</if>
            <if test="deptId != null">dept_id,</if>
        </trim>
        <trim prefix="values (" suffix=")" suffixOverrides=",">
            <if test="staffId != null">#{staffId},</if>
            <if test="staffName != null">#{staffName},</if>
            <if test="staffCard != null">#{staffCard},</if>
            <if test="imageId != null">#{imageId},</if>
            <if test="checkDay != null">#{checkDay},</if>
            <if test="status != null">#{status},</if>
            <if test="remark != null">#{remark},</if>
            <if test="normalHour != null">#{normalHour},</if>
            <if test="createTime != null">#{createTime},</if>
            <if test="updateBy != null">#{updateBy},</if>
            <if test="updateTime != null">#{updateTime},</if>
            <if test="inTime != null">#{inTime},</if>
            <if test="outTime != null">#{outTime},</if>
            <if test="deptId != null">#{deptId},</if>
        </trim>
    </insert>

    <update id="updateBsStaffCaptureDay" parameterType="com.drin.smartpark.project.check.entity.BsStaffCaptureDay">
        update bs_staff_capture_day
        <trim prefix="SET" suffixOverrides=",">
            <if test="staffId != null">staff_id = #{staffId},</if>
            <if test="staffName != null">staff_name = #{staffName},</if>
            <if test="staffCard != null">staff_card = #{staffCard},</if>
            <if test="imageId != null">image_id = #{imageId},</if>
            <if test="checkDay != null">check_day = #{checkDay},</if>
            <if test="status != null">status = #{status},</if>
            <if test="remark != null">remark = #{remark},</if>
            <if test="normalHour != null">normal_hour = #{normalHour},</if>
            <if test="createTime != null">create_time = #{createTime},</if>
            <if test="updateBy != null">update_by = #{updateBy},</if>
            <if test="updateTime != null">update_time = #{updateTime},</if>
            <if test="inTime != null">in_time = #{inTime},</if>
            <if test="outTime != null">out_time = #{outTime},</if>
        </trim>
        where history_day_id = #{historyDayId}
    </update>

    <delete id="deleteBsStaffCaptureDayById" parameterType="Long">
        delete from bs_staff_capture_day where history_day_id = #{historyDayId}
    </delete>

    <delete id="deleteBsStaffCaptureDayByIds" parameterType="String">
        delete from bs_staff_capture_day where history_day_id in
        <foreach item="historyDayId" collection="array" open="(" separator="," close=")">
            #{historyDayId}
        </foreach>
    </delete>

</mapper>