<?xml version="1.0" encoding="UTF-8" ?>
<!DOCTYPE mapper
        PUBLIC "-//mybatis.org//DTD Mapper 3.0//EN"
        "http://mybatis.org/dtd/mybatis-3-mapper.dtd">
<mapper namespace="com.drin.smartpark.project.check.mapper.BsStaffCaptureHistoryMapper">

    <resultMap type="com.drin.smartpark.project.check.entity.BsStaffCaptureHistory" id="BsStaffCaptureHistoryResult">
        <result property="historyId"    column="history_id"    />
        <result property="staffId"    column="staff_id"    />
        <result property="staffName"    column="staff_name"    />
        <result property="staffCard"    column="staff_card"    />
        <result property="imageId"    column="image_id"    />
        <result property="captureId"    column="capture_id"    />
        <result property="pictureId"    column="picture_id"    />
        <result property="deviceId"    column="device_id"    />
        <result property="createTime"    column="create_time"    />
    </resultMap>

    <sql id="selectBsStaffCaptureHistoryVo">
        select history_id, staff_id, staff_name, staff_card, image_id, capture_id, picture_id, create_time,device_id,remark from bs_staff_capture_history
    </sql>

    <select id="selectBsStaffCaptureHistoryList" parameterType="com.drin.smartpark.project.check.entity.BsStaffCaptureHistory" resultMap="BsStaffCaptureHistoryResult">
        <include refid="selectBsStaffCaptureHistoryVo"/>
        <where>
            <if test="staffId != null  and staffId != 0"> and staff_id = #{staffId} </if>
            <if test="staffName != null  and staffName != ''"> and staff_name like concat('%', #{staffName}, '%')</if>
            <if test="staffCard != null  and staffCard != ''"> and staff_card like concat('%', #{staffCard}, '%')</if>
            <if test="createTime != null "> and create_time > #{createTime} and create_time &lt; DATE_ADD(#{createTime},INTERVAL 1 DAY) </if>
            <if test="beginTime != null and beginTime != ''"><!-- 开始时间检索 -->
                AND date_format(create_time,'%y%m%d') &gt;= date_format(#{beginTime},'%y%m%d')
            </if>
            <if test="endTime != null and endTime != ''"><!-- 结束时间检索 -->
                AND date_format(create_time,'%y%m%d') &lt;= date_format(#{endTime},'%y%m%d')
            </if>

        </where>
        order by create_time desc
    </select>

    <select id="selectBsStaffCaptureHistoryById" parameterType="Long" resultMap="BsStaffCaptureHistoryResult">
        <include refid="selectBsStaffCaptureHistoryVo"/>
        where history_id = #{historyId}
    </select>

    <insert id="insertBsStaffCaptureHistory" parameterType="com.drin.smartpark.project.check.entity.BsStaffCaptureHistory" useGeneratedKeys="true" keyProperty="historyId">
        insert into bs_staff_capture_history
        <trim prefix="(" suffix=")" suffixOverrides=",">
            <if test="staffId != null">staff_id,</if>
            <if test="staffName != null">staff_name,</if>
            <if test="staffCard != null">staff_card,</if>
            <if test="imageId != null">image_id,</if>
            <if test="captureId != null">capture_id,</if>
            <if test="pictureId != null">picture_id,</if>
            <if test="deviceId != null">device_id,</if>
            <if test="remark != null">remark,</if>
            <if test="createTime != null">create_time,</if>
        </trim>
        <trim prefix="values (" suffix=")" suffixOverrides=",">
            <if test="staffId != null">#{staffId},</if>
            <if test="staffName != null">#{staffName},</if>
            <if test="staffCard != null">#{staffCard},</if>
            <if test="imageId != null">#{imageId},</if>
            <if test="captureId != null">#{captureId},</if>
            <if test="pictureId != null">#{pictureId},</if>
            <if test="deviceId != null">#{deviceId},</if>
            <if test="remark != null">#{remark},</if>
            <if test="createTime != null">#{createTime},</if>
        </trim>
    </insert>

    <update id="updateBsStaffCaptureHistory" parameterType="com.drin.smartpark.project.check.entity.BsStaffCaptureHistory">
        update bs_staff_capture_history
        <trim prefix="SET" suffixOverrides=",">
            <if test="staffId != null">staff_id = #{staffId},</if>
            <if test="staffName != null">staff_name = #{staffName},</if>
            <if test="staffCard != null">staff_card = #{staffCard},</if>
            <if test="imageId != null">image_id = #{imageId},</if>
            <if test="captureId != null">capture_id = #{captureId},</if>
            <if test="pictureId != null">picture_id = #{pictureId},</if>
            <if test="createTime != null">create_time = #{createTime},</if>
        </trim>
        where history_id = #{historyId}
    </update>

    <delete id="deleteBsStaffCaptureHistoryById" parameterType="Long">
        delete from bs_staff_capture_history where history_id = #{historyId}
    </delete>

    <delete id="deleteBsStaffCaptureHistoryByIds" parameterType="String">
        delete from bs_staff_capture_history where history_id in
        <foreach item="historyId" collection="array" open="(" separator="," close=")">
            #{historyId}
        </foreach>
    </delete>

</mapper>