<?xml version="1.0" encoding="UTF-8" ?>
<!DOCTYPE mapper
        PUBLIC "-//mybatis.org//DTD Mapper 3.0//EN"
        "http://mybatis.org/dtd/mybatis-3-mapper.dtd">
<mapper namespace="com.drin.smartpark.project.check.mapper.BsStaffStaffPostMapper">

    <resultMap type="com.drin.smartpark.project.check.entity.BsStaffStaffPost" id="BsStaffStaffPostResult">
        <result property="staffId"     column="staff_id"      />
        <result property="postId"     column="post_id"      />
    </resultMap>

    <delete id="deleteStaffStaffPostByStaffId" parameterType="Long">
        delete from bs_staff_staff_post where staff_id=#{staffId}
    </delete>

    <select id="countStaffStaffPostById" resultType="Integer">
        select count(1) from bs_staff_staff_post where post_id=#{postId}
    </select>

    <delete id="deleteStaffStaffPost" parameterType="Long">
        delete from bs_staff_staff_post where staff_id in
        <foreach collection="array" item="staffId" open="(" separator="," close=")">
            #{staffId}
        </foreach>
    </delete>

    <insert id="batchStaffStaffPost">
        insert into bs_staff_staff_post(staff_id, post_id) values
        <foreach item="item" index="index" collection="list" separator=",">
            (#{item.staffId},#{item.postId})
        </foreach>
    </insert>

</mapper>