<?xml version="1.0" encoding="UTF-8" ?>
<!DOCTYPE mapper
        PUBLIC "-//mybatis.org//DTD Mapper 3.0//EN"
        "http://mybatis.org/dtd/mybatis-3-mapper.dtd">
<mapper namespace="com.drin.smartpark.project.check.mapper.BsStaffCaptureMonthMapper">

    <resultMap type="com.drin.smartpark.project.check.entity.BsStaffCaptureMonth" id="BsStaffCaptureMonthResult">
        <result property="historyMonthId"    column="history_month_id"    />
        <result property="staffId"    column="staff_id"    />
        <result property="staffName"    column="staff_name"    />
        <result property="staffCard"    column="staff_card"    />
        <result property="imageId"    column="image_id"    />
        <result property="checkMonth"    column="check_month"    />
        <result property="normalDay"    column="normal_day"    />
        <result property="errorDay"    column="error_day"    />
        <result property="status"    column="status"    />
        <result property="remark"    column="remark"    />
        <result property="createTime"    column="create_time"    />
        <result property="updateBy"    column="update_by"    />
        <result property="updateTime"    column="update_time"    />
    </resultMap>

    <sql id="selectBsStaffCaptureMonthVo">
        select history_month_id, staff_id, staff_name, staff_card, image_id, check_month, normal_day, error_day, status, remark, create_time, update_by, update_time from bs_staff_capture_month
    </sql>

    <select id="selectBsStaffCaptureMonthList" parameterType="com.drin.smartpark.project.check.entity.BsStaffCaptureMonth" resultMap="BsStaffCaptureMonthResult">
        <include refid="selectBsStaffCaptureMonthVo"/>
        <where>
            <if test="staffName != null  and staffName != ''"> and staff_name like concat('%', #{staffName}, '%')</if>
            <if test="staffCard != null  and staffCard != ''"> and staff_card like concat('%', #{staffCard}, '%')</if>
            <if test="status != null  and status != ''"> and status = #{status}</if>
        </where>
    </select>

    <select id="selectBsStaffCaptureMonthById" parameterType="Long" resultMap="BsStaffCaptureMonthResult">
        <include refid="selectBsStaffCaptureMonthVo"/>
        where history_month_id = #{historyMonthId}
    </select>

    <insert id="insertBsStaffCaptureMonth" parameterType="com.drin.smartpark.project.check.entity.BsStaffCaptureMonth" useGeneratedKeys="true" keyProperty="historyMonthId">
        insert into bs_staff_capture_month
        <trim prefix="(" suffix=")" suffixOverrides=",">
            <if test="staffId != null">staff_id,</if>
            <if test="staffName != null">staff_name,</if>
            <if test="staffCard != null">staff_card,</if>
            <if test="imageId != null">image_id,</if>
            <if test="checkMonth != null">check_month,</if>
            <if test="normalDay != null">normal_day,</if>
            <if test="errorDay != null">error_day,</if>
            <if test="status != null">status,</if>
            <if test="remark != null">remark,</if>
            <if test="createTime != null">create_time,</if>
            <if test="updateBy != null">update_by,</if>
            <if test="updateTime != null">update_time,</if>
        </trim>
        <trim prefix="values (" suffix=")" suffixOverrides=",">
            <if test="staffId != null">#{staffId},</if>
            <if test="staffName != null">#{staffName},</if>
            <if test="staffCard != null">#{staffCard},</if>
            <if test="imageId != null">#{imageId},</if>
            <if test="checkMonth != null">#{checkMonth},</if>
            <if test="normalDay != null">#{normalDay},</if>
            <if test="errorDay != null">#{errorDay},</if>
            <if test="status != null">#{status},</if>
            <if test="remark != null">#{remark},</if>
            <if test="createTime != null">#{createTime},</if>
            <if test="updateBy != null">#{updateBy},</if>
            <if test="updateTime != null">#{updateTime},</if>
        </trim>
    </insert>

    <update id="updateBsStaffCaptureMonth" parameterType="com.drin.smartpark.project.check.entity.BsStaffCaptureMonth">
        update bs_staff_capture_month
        <trim prefix="SET" suffixOverrides=",">
            <if test="staffId != null">staff_id = #{staffId},</if>
            <if test="staffName != null">staff_name = #{staffName},</if>
            <if test="staffCard != null">staff_card = #{staffCard},</if>
            <if test="imageId != null">image_id = #{imageId},</if>
            <if test="checkMonth != null">check_month = #{checkMonth},</if>
            <if test="normalDay != null">normal_day = #{normalDay},</if>
            <if test="errorDay != null">error_day = #{errorDay},</if>
            <if test="status != null">status = #{status},</if>
            <if test="remark != null">remark = #{remark},</if>
            <if test="createTime != null">create_time = #{createTime},</if>
            <if test="updateBy != null">update_by = #{updateBy},</if>
            <if test="updateTime != null">update_time = #{updateTime},</if>
        </trim>
        where history_month_id = #{historyMonthId}
    </update>

    <delete id="deleteBsStaffCaptureMonthById" parameterType="Long">
        delete from bs_staff_capture_month where history_month_id = #{historyMonthId}
    </delete>

    <delete id="deleteBsStaffCaptureMonthByIds" parameterType="String">
        delete from bs_staff_capture_month where history_month_id in
        <foreach item="historyMonthId" collection="array" open="(" separator="," close=")">
            #{historyMonthId}
        </foreach>
    </delete>

</mapper>