<?xml version="1.0" encoding="UTF-8" ?>
<!DOCTYPE mapper
        PUBLIC "-//mybatis.org//DTD Mapper 3.0//EN"
        "http://mybatis.org/dtd/mybatis-3-mapper.dtd">
<mapper namespace="com.drin.smartpark.project.check.mapper.BsStaffMapper">

    <resultMap type="com.drin.smartpark.project.check.entity.BsStaff" id="BsStaffResult">
        <result property="staffId"    column="staff_id"    />
        <result property="deptId"    column="dept_id"    />
        <result property="staffName"    column="staff_name"    />
        <result property="staffExternId"    column="staff_extern_id"    />
        <result property="staffCard"    column="staff_card"    />
        <result property="imageId"    column="image_id"    />
        <result property="status"    column="status"    />
        <result property="employTime"    column="employ_time"    />
        <result property="remark"    column="remark"    />
        <result property="createBy"    column="create_by"    />
        <result property="createTime"    column="create_time"    />
        <result property="updateBy"    column="update_by"    />
        <result property="updateTime"    column="update_time"    />
    </resultMap>

    <sql id="selectBsStaffVo">
        select staff_id, dept_id, staff_name, staff_extern_id, staff_card, image_id, status, employ_time, remark, create_by, create_time, update_by, update_time from bs_staff
    </sql>

    <select id="selectBsStaffList" parameterType="com.drin.smartpark.project.check.entity.BsStaff" resultMap="BsStaffResult">
        select s.staff_id, s.dept_id, s.staff_name, s.staff_extern_id, s.staff_card, s.image_id, s.status, s.employ_time, s.remark, s.create_by, s.create_time, s.update_by, s.update_time from bs_staff s
        left join  bs_staff_dept d on s.dept_id = d.dept_id
        <where>
            <if test="staffName != null  and staffName != ''"> and staff_name like concat('%', #{staffName}, '%')</if>
            <if test="staffCard != null  and staffCard != ''"> and staff_card = #{staffCard}</if>
            <if test="deptId != null  and deptId != 0">
                AND (s.dept_id = #{deptId} OR d.dept_id IN ( SELECT t.dept_id FROM  bs_staff_dept t WHERE FIND_IN_SET (#{deptId},ancestors) ))
            </if>
            <if test="beginTime != null and beginTime != ''"><!-- 开始时间检索 -->
                AND date_format(s.create_time,'%y%m%d') &gt;= date_format(#{beginTime},'%y%m%d')
            </if>
            <if test="endTime != null and endTime != ''"><!-- 结束时间检索 -->
                AND date_format(s.create_time,'%y%m%d') &lt;= date_format(#{endTime},'%y%m%d')
            </if>

        </where>
    </select>

    <select id="selectBsStaffById" parameterType="Long" resultMap="BsStaffResult">
        <include refid="selectBsStaffVo"/>
        where staff_id = #{staffId}
    </select>

    <select id="selectBsStaffByCardId" parameterType="String" resultMap="BsStaffResult">
        <include refid="selectBsStaffVo"/>
        where staff_card = #{cardId}
    </select>
    <select id="selectBsStaffListByPostIds" resultType="com.drin.smartpark.project.check.entity.BsStaff">
        select s.staff_id, s.dept_id, s.staff_name, s.staff_extern_id, s.staff_card, s.image_id, s.status, s.employ_time, s.remark, s.create_by, s.create_time, s.update_by, s.update_time from bs_staff s
        left join bs_staff_staff_post bssp on s.staff_id = bssp.staff_id
        where bssp.post_id in
        <foreach item="postId" collection="list" open="(" separator="," close=")">
            #{postId}
        </foreach>
    </select>


    <insert id="insertBsStaff" parameterType="com.drin.smartpark.project.check.entity.BsStaff" useGeneratedKeys="true" keyProperty="staffId">
        insert into bs_staff
        <trim prefix="(" suffix=")" suffixOverrides=",">
            <if test="deptId != null">dept_id,</if>
            <if test="staffName != null">staff_name,</if>
            <if test="staffExternId != null">staff_extern_id,</if>
            <if test="staffCard != null">staff_card,</if>
            <if test="imageId != null">image_id,</if>
            <if test="status != null">status,</if>
            <if test="employTime != null">employ_time,</if>
            <if test="remark != null">remark,</if>
            <if test="createBy != null">create_by,</if>
            <if test="createTime != null">create_time,</if>
            <if test="updateBy != null">update_by,</if>
            <if test="updateTime != null">update_time,</if>
        </trim>
        <trim prefix="values (" suffix=")" suffixOverrides=",">
            <if test="deptId != null">#{deptId},</if>
            <if test="staffName != null">#{staffName},</if>
            <if test="staffExternId != null">#{staffExternId},</if>
            <if test="staffCard != null">#{staffCard},</if>
            <if test="imageId != null">#{imageId},</if>
            <if test="status != null">#{status},</if>
            <if test="employTime != null">#{employTime},</if>
            <if test="remark != null">#{remark},</if>
            <if test="createBy != null">#{createBy},</if>
            <if test="createTime != null">#{createTime},</if>
            <if test="updateBy != null">#{updateBy},</if>
            <if test="updateTime != null">#{updateTime},</if>
        </trim>
    </insert>

    <update id="updateBsStaff" parameterType="com.drin.smartpark.project.check.entity.BsStaff">
        update bs_staff
        <trim prefix="SET" suffixOverrides=",">
            <if test="deptId != null">dept_id = #{deptId},</if>
            <if test="staffName != null">staff_name = #{staffName},</if>
            <if test="staffExternId != null">staff_extern_id = #{staffExternId},</if>
            <if test="staffCard != null">staff_card = #{staffCard},</if>
            <if test="imageId != null">image_id = #{imageId},</if>
            <if test="status != null">status = #{status},</if>
            <if test="employTime != null">employ_time = #{employTime},</if>
            <if test="remark != null">remark = #{remark},</if>
            <if test="createBy != null">create_by = #{createBy},</if>
            <if test="createTime != null">create_time = #{createTime},</if>
            <if test="updateBy != null">update_by = #{updateBy},</if>
            <if test="updateTime != null">update_time = #{updateTime},</if>
        </trim>
        where staff_id = #{staffId}
    </update>

    <delete id="deleteBsStaffById" parameterType="Long">
        delete from bs_staff where staff_id = #{staffId}
    </delete>

    <delete id="deleteBsStaffByIds" parameterType="String">
        delete from bs_staff where staff_id in
        <foreach item="staffId" collection="array" open="(" separator="," close=")">
            #{staffId}
        </foreach>
    </delete>

</mapper>