<?xml version="1.0" encoding="UTF-8" ?>
<!DOCTYPE mapper
        PUBLIC "-//mybatis.org//DTD Mapper 3.0//EN"
        "http://mybatis.org/dtd/mybatis-3-mapper.dtd">
<mapper namespace="com.drin.smartpark.project.check.mapper.BsStaffPostMapper">

    <resultMap type="com.drin.smartpark.project.check.entity.BsStaffPost" id="BsStaffPostResult">
        <result property="postId"    column="post_id"    />
        <result property="postCode"    column="post_code"    />
        <result property="postName"    column="post_name"    />
        <result property="postSort"    column="post_sort"    />
        <result property="postType"    column="post_type"    />
        <result property="status"    column="status"    />
        <result property="createBy"    column="create_by"    />
        <result property="createTime"    column="create_time"    />
        <result property="updateBy"    column="update_by"    />
        <result property="updateTime"    column="update_time"    />
        <result property="remark"    column="remark"    />
    </resultMap>

    <sql id="selectBsStaffPostVo">
        select post_id, post_code, post_name, post_sort,post_type, status, create_by, create_time, update_by, update_time, remark from bs_staff_post
    </sql>

    <select id="selectBsStaffPostList" parameterType="com.drin.smartpark.project.check.entity.BsStaffPost" resultMap="BsStaffPostResult">
        <include refid="selectBsStaffPostVo"/>
        <where>
            <if test="postType != null  and postType != ''"> and post_type = #{postType}</if>
            <if test="postCode != null  and postCode != ''"> and post_code = #{postCode}</if>
            <if test="postName != null  and postName != ''"> and post_name like concat('%', #{postName}, '%')</if>
        </where>
    </select>

    <select id="selectBsStaffPostById" parameterType="Long" resultMap="BsStaffPostResult">
        <include refid="selectBsStaffPostVo"/>
        where post_id = #{postId}
    </select>
    <select id="selectStaffPostAll" resultType="com.drin.smartpark.project.check.entity.BsStaffPost">
        <include refid="selectBsStaffPostVo"/>
        where status = '0'
    </select>

    <select id="selectStaffPostListByStaffId" resultType="java.lang.Long">
        select p.post_id
        from bs_staff_post p
                 left join bs_staff_staff_post up on up.post_id = p.post_id
                 left join bs_staff v on v.staff_id = up.staff_id
        where v.staff_id = #{staffId}
    </select>

    <select id="selectStaffPostListByPlicyId" resultType="java.lang.Long">
        select p.post_id
        from bs_staff_post p
                 left join bs_check_plicy_post up on up.post_id = p.post_id
                 left join bs_check_plicy pp on pp.plicy_id = up.plicy_id
        where pp.plicy_id = #{plicyId}
    </select>

    <insert id="insertBsStaffPost" parameterType="com.drin.smartpark.project.check.entity.BsStaffPost" useGeneratedKeys="true" keyProperty="postId">
        insert into bs_staff_post
        <trim prefix="(" suffix=")" suffixOverrides=",">
            <if test="postCode != null and postCode != ''">post_code,</if>
            <if test="postName != null and postName != ''">post_name,</if>
            <if test="postSort != null">post_sort,</if>
            <if test="postType != null and postType != ''">post_type,</if>
            <if test="status != null and status != ''">status,</if>
            <if test="createBy != null">create_by,</if>
            <if test="createTime != null">create_time,</if>
            <if test="updateBy != null">update_by,</if>
            <if test="updateTime != null">update_time,</if>
            <if test="remark != null">remark,</if>
        </trim>
        <trim prefix="values (" suffix=")" suffixOverrides=",">
            <if test="postCode != null and postCode != ''">#{postCode},</if>
            <if test="postName != null and postName != ''">#{postName},</if>
            <if test="postSort != null">#{postSort},</if>
            <if test="postType != null">#{postType},</if>
            <if test="status != null and status != ''">#{status},</if>
            <if test="createBy != null">#{createBy},</if>
            <if test="createTime != null">#{createTime},</if>
            <if test="updateBy != null">#{updateBy},</if>
            <if test="updateTime != null">#{updateTime},</if>
            <if test="remark != null">#{remark},</if>
        </trim>
    </insert>

    <update id="updateBsStaffPost" parameterType="com.drin.smartpark.project.check.entity.BsStaffPost">
        update bs_staff_post
        <trim prefix="SET" suffixOverrides=",">
            <if test="postCode != null and postCode != ''">post_code = #{postCode},</if>
            <if test="postName != null and postName != ''">post_name = #{postName},</if>
            <if test="postSort != null">post_sort = #{postSort},</if>
            <if test="postType != null">post_type = #{postType},</if>
            <if test="status != null and status != ''">status = #{status},</if>
            <if test="createBy != null">create_by = #{createBy},</if>
            <if test="createTime != null">create_time = #{createTime},</if>
            <if test="updateBy != null">update_by = #{updateBy},</if>
            <if test="updateTime != null">update_time = #{updateTime},</if>
            <if test="remark != null">remark = #{remark},</if>
        </trim>
        where post_id = #{postId}
    </update>

    <delete id="deleteBsStaffPostById" parameterType="Long">
        delete from bs_staff_post where post_id = #{postId}
    </delete>

    <delete id="deleteBsStaffPostByIds" parameterType="String">
        delete from bs_staff_post where post_id in
        <foreach item="postId" collection="array" open="(" separator="," close=")">
            #{postId}
        </foreach>
    </delete>

</mapper>