<?xml version="1.0" encoding="UTF-8" ?>
<!DOCTYPE mapper
        PUBLIC "-//mybatis.org//DTD Mapper 3.0//EN"
        "http://mybatis.org/dtd/mybatis-3-mapper.dtd">
<mapper namespace="com.drin.smartpark.project.access.mapper.BsDeptMapper">

    <resultMap type="com.drin.smartpark.project.access.entity.BsDept" id="BsDeptResult">
        <result property="deptId"    column="dept_id"    />
        <result property="parentId"    column="parent_id"    />
        <result property="ancestors"    column="ancestors"    />
        <result property="deptName"    column="dept_name"    />
        <result property="orderNum"    column="order_num"    />
        <result property="createBy"    column="create_by"    />
        <result property="createTime"    column="create_time"    />
        <result property="updateBy"    column="update_by"    />
        <result property="updateTime"    column="update_time"    />
    </resultMap>

    <sql id="selectBsDeptVo">
        select dept_id, parent_id, ancestors, dept_name, order_num, create_by, create_time, update_by, update_time from bs_dept
    </sql>

    <select id="selectBsDeptList" parameterType="com.drin.smartpark.project.access.entity.BsDept" resultMap="BsDeptResult">
        <include refid="selectBsDeptVo"/>
        <where>
            <if test="deptName != null  and deptName != ''"> and dept_name like concat('%', #{deptName}, '%')</if>
        </where>
    </select>

    <select id="selectBsDeptById" parameterType="Long" resultMap="BsDeptResult">
        <include refid="selectBsDeptVo"/>
        where dept_id = #{deptId}
    </select>

    <insert id="insertBsDept" parameterType="com.drin.smartpark.project.access.entity.BsDept" useGeneratedKeys="true" keyProperty="deptId">
        insert into bs_dept
        <trim prefix="(" suffix=")" suffixOverrides=",">
            <if test="parentId != null">parent_id,</if>
            <if test="ancestors != null">ancestors,</if>
            <if test="deptName != null">dept_name,</if>
            <if test="orderNum != null">order_num,</if>
            <if test="createBy != null">create_by,</if>
            <if test="createTime != null">create_time,</if>
            <if test="updateBy != null">update_by,</if>
            <if test="updateTime != null">update_time,</if>
        </trim>
        <trim prefix="values (" suffix=")" suffixOverrides=",">
            <if test="parentId != null">#{parentId},</if>
            <if test="ancestors != null">#{ancestors},</if>
            <if test="deptName != null">#{deptName},</if>
            <if test="orderNum != null">#{orderNum},</if>
            <if test="createBy != null">#{createBy},</if>
            <if test="createTime != null">#{createTime},</if>
            <if test="updateBy != null">#{updateBy},</if>
            <if test="updateTime != null">#{updateTime},</if>
        </trim>
    </insert>

    <update id="updateBsDept" parameterType="com.drin.smartpark.project.access.entity.BsDept">
        update bs_dept
        <trim prefix="SET" suffixOverrides=",">
            <if test="parentId != null">parent_id = #{parentId},</if>
            <if test="ancestors != null">ancestors = #{ancestors},</if>
            <if test="deptName != null">dept_name = #{deptName},</if>
            <if test="orderNum != null">order_num = #{orderNum},</if>
            <if test="createBy != null">create_by = #{createBy},</if>
            <if test="createTime != null">create_time = #{createTime},</if>
            <if test="updateBy != null">update_by = #{updateBy},</if>
            <if test="updateTime != null">update_time = #{updateTime},</if>
        </trim>
        where dept_id = #{deptId}
    </update>

    <delete id="deleteBsDeptById" parameterType="Long">
        delete from bs_dept where dept_id = #{deptId}
    </delete>

    <delete id="deleteBsDeptByIds" parameterType="String">
        delete from bs_dept where dept_id in
        <foreach item="deptId" collection="array" open="(" separator="," close=")">
            #{deptId}
        </foreach>
    </delete>

</mapper>