<?xml version="1.0" encoding="UTF-8" ?>
<!DOCTYPE mapper
        PUBLIC "-//mybatis.org//DTD Mapper 3.0//EN"
        "http://mybatis.org/dtd/mybatis-3-mapper.dtd">
<mapper namespace="com.drin.smartpark.project.access.mapper.BsDeviceMapper">

    <resultMap type="com.drin.smartpark.project.access.entity.BsDevice" id="BsDeviceResult">
        <result property="deviceId"    column="device_id"    />
        <result property="deviceName"    column="device_name"    />
        <result property="deviceIp"    column="device_ip"    />
        <result property="account"    column="account"    />
        <result property="password"    column="password"    />
        <result property="realId"    column="real_id"    />
        <result property="createBy"    column="create_by"    />
        <result property="createTime"    column="create_time"    />
        <result property="updateBy"    column="update_by"    />
        <result property="updateTime"    column="update_time"    />
        <result property="remark"    column="remark"    />
    </resultMap>

    <sql id="selectBsDeviceVo">
        select device_id, device_name, device_ip, account, password, real_id, create_by, create_time, update_by, update_time, remark from bs_device
    </sql>

    <select id="selectBsDeviceList" parameterType="com.drin.smartpark.project.access.entity.BsDevice" resultMap="BsDeviceResult">
        <include refid="selectBsDeviceVo"/>
        <where>
            <if test="deviceName != null  and deviceName != ''"> and device_name like concat('%', #{deviceName}, '%')</if>
            <if test="deviceIp != null  and deviceIp != ''"> and device_ip like concat('%', #{deviceIp}, '%')</if>
        </where>
    </select>

    <select id="selectBsDeviceById" parameterType="Integer" resultMap="BsDeviceResult">
        <include refid="selectBsDeviceVo"/>
        where device_id = #{deviceId}
    </select>

    <select id="selectDeviceIdListByPlicyId" parameterType="Long" resultType="Long">
        select p.device_id
        from bs_device p
                 left join bs_plicy_device up on up.device_id = p.device_id
                 left join bs_pass_plicy pp on pp.plicy_id = up.plicy_id
        where pp.plicy_id = #{plicyId}
    </select>

    <select id="selectDeviceListByPlicyId" parameterType="Long" resultMap="BsDeviceResult">
        select p.device_id,p.device_name,p.device_ip,p.account,p.password,p.real_id
        from bs_device p
                 left join bs_plicy_device up on up.device_id = p.device_id
                 left join bs_pass_plicy pp on pp.plicy_id = up.plicy_id
        where pp.plicy_id = #{plicyId}
    </select>


    <insert id="insertBsDevice" parameterType="com.drin.smartpark.project.access.entity.BsDevice" useGeneratedKeys="true" keyProperty="deviceId">
        insert into bs_device
        <trim prefix="(" suffix=")" suffixOverrides=",">
            <if test="deviceName != null">device_name,</if>
            <if test="deviceIp != null">device_ip,</if>
            <if test="account != null">account,</if>
            <if test="password != null">password,</if>
            <if test="realId != null">real_id,</if>
            <if test="createBy != null">create_by,</if>
            <if test="createTime != null">create_time,</if>
            <if test="updateBy != null">update_by,</if>
            <if test="updateTime != null">update_time,</if>
            <if test="remark != null">remark,</if>
        </trim>
        <trim prefix="values (" suffix=")" suffixOverrides=",">
            <if test="deviceName != null">#{deviceName},</if>
            <if test="deviceIp != null">#{deviceIp},</if>
            <if test="account != null">#{account},</if>
            <if test="password != null">#{password},</if>
            <if test="realId != null">#{realId},</if>
            <if test="createBy != null">#{createBy},</if>
            <if test="createTime != null">#{createTime},</if>
            <if test="updateBy != null">#{updateBy},</if>
            <if test="updateTime != null">#{updateTime},</if>
            <if test="remark != null">#{remark},</if>
        </trim>
    </insert>

    <update id="updateBsDevice" parameterType="com.drin.smartpark.project.access.entity.BsDevice">
        update bs_device
        <trim prefix="SET" suffixOverrides=",">
            <if test="deviceName != null">device_name = #{deviceName},</if>
            <if test="deviceIp != null">device_ip = #{deviceIp},</if>
            <if test="account != null">account = #{account},</if>
            <if test="password != null">password = #{password},</if>
            <if test="realId != null">real_id = #{realId},</if>
            <if test="createBy != null">create_by = #{createBy},</if>
            <if test="createTime != null">create_time = #{createTime},</if>
            <if test="updateBy != null">update_by = #{updateBy},</if>
            <if test="updateTime != null">update_time = #{updateTime},</if>
            <if test="remark != null">remark = #{remark},</if>
        </trim>
        where device_id = #{deviceId}
    </update>

    <delete id="deleteBsDeviceById" parameterType="Integer">
        delete from bs_device where device_id = #{deviceId}
    </delete>

    <delete id="deleteBsDeviceByIds" parameterType="String">
        delete from bs_device where device_id in
        <foreach item="deviceId" collection="array" open="(" separator="," close=")">
            #{deviceId}
        </foreach>
    </delete>

</mapper>