<?xml version="1.0" encoding="UTF-8" ?>
<!DOCTYPE mapper
        PUBLIC "-//mybatis.org//DTD Mapper 3.0//EN"
        "http://mybatis.org/dtd/mybatis-3-mapper.dtd">
<mapper namespace="com.drin.smartpark.project.access.mapper.BsPassPlicyMapper">

    <resultMap type="com.drin.smartpark.project.access.entity.BsPassPlicy" id="BsPassPlicyResult">
        <result property="plicyId"    column="plicy_id"    />
        <result property="plicyName"    column="plicy_name"    />
        <result property="plicyType"    column="plicy_type"    />
        <result property="plicyStatus"    column="plicy_status"    />
        <result property="startTime"    column="start_time"    />
        <result property="finishTime"    column="finish_time"    />
        <result property="monday"    column="monday"    />
        <result property="tuesday"    column="tuesday"    />
        <result property="wednesday"    column="wednesday"    />
        <result property="thursday"    column="thursday"    />
        <result property="friday"    column="friday"    />
        <result property="saturday"    column="saturday"    />
        <result property="sunday"    column="sunday"    />
        <result property="remark"    column="remark"    />
        <result property="createBy"    column="create_by"    />
        <result property="createTime"    column="create_time"    />
        <result property="updateBy"    column="update_by"    />
        <result property="updateTime"    column="update_time"    />
    </resultMap>

    <sql id="selectBsPassPlicyVo">
        select plicy_id, plicy_name, plicy_type,plicy_status, start_time, finish_time, monday, tuesday, wednesday, thursday, friday, saturday, sunday, remark, create_by, create_time, update_by, update_time from bs_pass_plicy
    </sql>

    <select id="selectBsPassPlicyList" parameterType="com.drin.smartpark.project.access.entity.BsPassPlicy" resultMap="BsPassPlicyResult">
        <include refid="selectBsPassPlicyVo"/>
        <where>
            <if test="plicyName != null  and plicyName != ''"> and plicy_name like concat('%', #{plicyName}, '%')</if>
        </where>
    </select>

    <select id="selectBsPassPlicyById" parameterType="Long" resultMap="BsPassPlicyResult">
        <include refid="selectBsPassPlicyVo"/>
        where plicy_id = #{plicyId}
    </select>

    <insert id="insertBsPassPlicy" parameterType="com.drin.smartpark.project.access.entity.BsPassPlicy" useGeneratedKeys="true" keyProperty="plicyId">
        insert into bs_pass_plicy
        <trim prefix="(" suffix=")" suffixOverrides=",">
            <if test="plicyName != null">plicy_name,</if>
            <if test="plicyType != null">plicy_type,</if>
            <if test="startTime != null">start_time,</if>
            <if test="finishTime != null">finish_time,</if>
            <if test="plicyStatus != null">plicy_status,</if>
            <if test="monday != null">monday,</if>
            <if test="tuesday != null">tuesday,</if>
            <if test="wednesday != null">wednesday,</if>
            <if test="thursday != null">thursday,</if>
            <if test="friday != null">friday,</if>
            <if test="saturday != null">saturday,</if>
            <if test="sunday != null">sunday,</if>
            <if test="remark != null">remark,</if>
            <if test="createBy != null">create_by,</if>
            <if test="createTime != null">create_time,</if>
            <if test="updateBy != null">update_by,</if>
            <if test="updateTime != null">update_time,</if>
        </trim>
        <trim prefix="values (" suffix=")" suffixOverrides=",">
            <if test="plicyName != null">#{plicyName},</if>
            <if test="plicyType != null">#{plicyType},</if>
            <if test="startTime != null">#{startTime},</if>
            <if test="finishTime != null">#{finishTime},</if>
            <if test="plicyStatus != null">#{plicyStatus},</if>
            <if test="monday != null">#{monday},</if>
            <if test="tuesday != null">#{tuesday},</if>
            <if test="wednesday != null">#{wednesday},</if>
            <if test="thursday != null">#{thursday},</if>
            <if test="friday != null">#{friday},</if>
            <if test="saturday != null">#{saturday},</if>
            <if test="sunday != null">#{sunday},</if>
            <if test="remark != null">#{remark},</if>
            <if test="createBy != null">#{createBy},</if>
            <if test="createTime != null">#{createTime},</if>
            <if test="updateBy != null">#{updateBy},</if>
            <if test="updateTime != null">#{updateTime},</if>
        </trim>
    </insert>

    <update id="updateBsPassPlicy" parameterType="com.drin.smartpark.project.access.entity.BsPassPlicy">
        update bs_pass_plicy
        <trim prefix="SET" suffixOverrides=",">
            <if test="plicyName != null">plicy_name = #{plicyName},</if>
            <if test="plicyType != null">plicy_type = #{plicyType},</if>
            <if test="startTime != null">start_time = #{startTime},</if>
            <if test="finishTime != null">finish_time = #{finishTime},</if>
            <if test="plicyStatus != null">plicy_status=#{plicyStatus},</if>
            <if test="monday != null">monday = #{monday},</if>
            <if test="tuesday != null">tuesday = #{tuesday},</if>
            <if test="wednesday != null">wednesday = #{wednesday},</if>
            <if test="thursday != null">thursday = #{thursday},</if>
            <if test="friday != null">friday = #{friday},</if>
            <if test="saturday != null">saturday = #{saturday},</if>
            <if test="sunday != null">sunday = #{sunday},</if>
            <if test="remark != null">remark = #{remark},</if>
            <if test="createBy != null">create_by = #{createBy},</if>
            <if test="createTime != null">create_time = #{createTime},</if>
            <if test="updateBy != null">update_by = #{updateBy},</if>
            <if test="updateTime != null">update_time = #{updateTime},</if>
        </trim>
        where plicy_id = #{plicyId}
    </update>

    <delete id="deleteBsPassPlicyById" parameterType="Long">
        delete from bs_pass_plicy where plicy_id = #{plicyId}
    </delete>

    <delete id="deleteBsPassPlicyByIds" parameterType="String">
        delete from bs_pass_plicy where plicy_id in
        <foreach item="plicyId" collection="array" open="(" separator="," close=")">
            #{plicyId}
        </foreach>
    </delete>

</mapper>