<?xml version="1.0" encoding="UTF-8" ?>
<!DOCTYPE mapper
        PUBLIC "-//mybatis.org//DTD Mapper 3.0//EN"
        "http://mybatis.org/dtd/mybatis-3-mapper.dtd">
<mapper namespace="com.drin.smartpark.project.access.mapper.BsPlicyPostMapper">

    <resultMap type="com.drin.smartpark.project.access.entity.BsPlicyPost" id="SysPlicyPostResult">
        <result property="plicyId"     column="Plicy_id"      />
        <result property="postId"     column="post_id"      />
    </resultMap>

    <delete id="deletePlicyPostByPlicyId" parameterType="Long">
        delete from bs_plicy_post where plicy_id=#{plicyId}
    </delete>

    <select id="countPlicyPostById" resultType="Integer">
        select count(1) from bs_plicy_post where post_id=#{postId}
    </select>

    <delete id="deletePlicyPost" parameterType="Long">
        delete from bs_plicy_post where plicy_id in
        <foreach collection="array" item="plicyId" open="(" separator="," close=")">
            #{plicyId}
        </foreach>
    </delete>

    <insert id="batchPlicyPost">
        insert into bs_plicy_post(Plicy_id, post_id) values
        <foreach item="item" index="index" collection="list" separator=",">
            (#{item.plicyId},#{item.postId})
        </foreach>
    </insert>

</mapper> 