<?xml version="1.0" encoding="UTF-8" ?>
<!DOCTYPE mapper
        PUBLIC "-//mybatis.org//DTD Mapper 3.0//EN"
        "http://mybatis.org/dtd/mybatis-3-mapper.dtd">
<mapper namespace="com.drin.smartpark.project.access.mapper.BsStrangerMapper">

    <resultMap type="com.drin.smartpark.project.access.entity.BsStranger" id="BsStrangerResult">
        <result property="strangerId"    column="stranger_id"    />
        <result property="strangerName"    column="stranger_name"    />
        <result property="strangerCard"    column="stranger_card"    />
        <result property="imageId"    column="image_id"    />
        <result property="captureId"    column="capture_id"    />
        <result property="birthday"    column="birthday"    />
        <result property="address"    column="address"    />
        <result property="status"    column="status"    />
        <result property="remark"    column="remark"    />
        <result property="createBy"    column="create_by"    />
        <result property="createTime"    column="create_time"    />
        <result property="updateBy"    column="update_by"    />
        <result property="updateTime"    column="update_time"    />
    </resultMap>

    <sql id="selectBsStrangerVo">
        select stranger_id, stranger_name, stranger_card, image_id, capture_id, birthday, address, status, remark, create_by, create_time, update_by, update_time from bs_stranger
    </sql>

    <select id="selectBsStrangerList" parameterType="com.drin.smartpark.project.access.entity.BsStranger" resultMap="BsStrangerResult">
        <include refid="selectBsStrangerVo"/>
        <where>
            <if test="strangerName != null  and strangerName != ''"> and stranger_name like concat('%', #{strangerName}, '%')</if>
            <if test="strangerCard != null  and strangerCard != ''"> and stranger_card like concat('%', #{strangerCard}, '%')</if>
        </where>
        order by create_time desc
    </select>

    <select id="selectBsStrangerById" parameterType="Long" resultMap="BsStrangerResult">
        <include refid="selectBsStrangerVo"/>
        where stranger_id = #{strangerId}
    </select>

    <insert id="insertBsStranger" parameterType="com.drin.smartpark.project.access.entity.BsStranger" useGeneratedKeys="true" keyProperty="strangerId">
        insert into bs_stranger
        <trim prefix="(" suffix=")" suffixOverrides=",">
            <if test="strangerName != null">stranger_name,</if>
            <if test="strangerCard != null">stranger_card,</if>
            <if test="imageId != null">image_id,</if>
            <if test="captureId != null">capture_id,</if>
            <if test="birthday != null">birthday,</if>
            <if test="address != null">address,</if>
            <if test="status != null">status,</if>
            <if test="remark != null">remark,</if>
            <if test="createBy != null">create_by,</if>
            <if test="createTime != null">create_time,</if>
            <if test="updateBy != null">update_by,</if>
            <if test="updateTime != null">update_time,</if>
        </trim>
        <trim prefix="values (" suffix=")" suffixOverrides=",">
            <if test="strangerName != null">#{strangerName},</if>
            <if test="strangerCard != null">#{strangerCard},</if>
            <if test="imageId != null">#{imageId},</if>
            <if test="captureId != null">#{captureId},</if>
            <if test="birthday != null">#{birthday},</if>
            <if test="address != null">#{address},</if>
            <if test="status != null">#{status},</if>
            <if test="remark != null">#{remark},</if>
            <if test="createBy != null">#{createBy},</if>
            <if test="createTime != null">#{createTime},</if>
            <if test="updateBy != null">#{updateBy},</if>
            <if test="updateTime != null">#{updateTime},</if>
        </trim>
    </insert>

    <update id="updateBsStranger" parameterType="com.drin.smartpark.project.access.entity.BsStranger">
        update bs_stranger
        <trim prefix="SET" suffixOverrides=",">
            <if test="strangerName != null">stranger_name = #{strangerName},</if>
            <if test="strangerCard != null">stranger_card = #{strangerCard},</if>
            <if test="imageId != null">image_id = #{imageId},</if>
            <if test="captureId != null">capture_id = #{captureId},</if>
            <if test="birthday != null">birthday = #{birthday},</if>
            <if test="address != null">address = #{address},</if>
            <if test="status != null">status = #{status},</if>
            <if test="remark != null">remark = #{remark},</if>
            <if test="createBy != null">create_by = #{createBy},</if>
            <if test="createTime != null">create_time = #{createTime},</if>
            <if test="updateBy != null">update_by = #{updateBy},</if>
            <if test="updateTime != null">update_time = #{updateTime},</if>
        </trim>
        where stranger_id = #{strangerId}
    </update>

    <delete id="deleteBsStrangerById" parameterType="Long">
        delete from bs_stranger where stranger_id = #{strangerId}
    </delete>

    <delete id="deleteBsStrangerByIds" parameterType="String">
        delete from bs_stranger where stranger_id in
        <foreach item="strangerId" collection="array" open="(" separator="," close=")">
            #{strangerId}
        </foreach>
    </delete>

</mapper>