<?xml version="1.0" encoding="UTF-8" ?>
<!DOCTYPE mapper
        PUBLIC "-//mybatis.org//DTD Mapper 3.0//EN"
        "http://mybatis.org/dtd/mybatis-3-mapper.dtd">
<mapper namespace="com.drin.smartpark.project.access.mapper.BsStaffHistoryMapper">

    <resultMap type="com.drin.smartpark.project.access.entity.BsStaffHistory" id="BsStaffHistoryResult">
        <result property="visitorId"    column="visitor_id"    />
        <result property="visitorName"    column="visitor_name"    />
        <result property="visitorCard"    column="visitor_card"    />
        <result property="imageId"    column="image_id"    />
        <result property="today"    column="today"    />
        <result property="num"    column="num"    />
        <result property="status"    column="status"    />
        <result property="remark"    column="remark"    />
        <result property="createBy"    column="create_by"    />
        <result property="createTime"    column="create_time"    />
        <result property="updateBy"    column="update_by"    />
        <result property="updateTime"    column="update_time"    />
        <result property="inTime"    column="in_time"    />
        <result property="outTime"    column="out_time"    />
    </resultMap>

    <sql id="selectBsStaffHistoryVo">
        select visitor_id, visitor_name, visitor_card, image_id, today, num, status, remark, create_by, create_time, update_by, update_time, in_time, out_time from bs_staff_history
    </sql>

    <select id="selectBsStaffHistoryList" parameterType="com.drin.smartpark.project.access.entity.BsStaffHistory" resultMap="BsStaffHistoryResult">
        <include refid="selectBsStaffHistoryVo"/>
        <where>
            <if test="visitorName != null  and visitorName != ''"> and visitor_name like concat('%', #{visitorName}, '%')</if>
            <if test="visitorCard != null  and visitorCard != ''"> and visitor_card = #{visitorCard}</if>
            <if test="params.beginCreateTime != null and params.beginCreateTime != '' and params.endCreateTime != null and params.endCreateTime != ''"> and create_time between #{params.beginCreateTime} and #{params.endCreateTime}</if>
        </where>
    </select>

    <select id="selectBsStaffHistoryById" parameterType="Long" resultMap="BsStaffHistoryResult">
        <include refid="selectBsStaffHistoryVo"/>
        where visitor_id = #{visitorId}
    </select>

    <insert id="insertBsStaffHistory" parameterType="com.drin.smartpark.project.access.entity.BsStaffHistory" useGeneratedKeys="true" keyProperty="visitorId">
        insert into bs_staff_history
        <trim prefix="(" suffix=")" suffixOverrides=",">
            <if test="visitorName != null">visitor_name,</if>
            <if test="visitorCard != null">visitor_card,</if>
            <if test="imageId != null">image_id,</if>
            <if test="today != null">today,</if>
            <if test="num != null">num,</if>
            <if test="status != null">status,</if>
            <if test="remark != null">remark,</if>
            <if test="createBy != null">create_by,</if>
            <if test="createTime != null">create_time,</if>
            <if test="updateBy != null">update_by,</if>
            <if test="updateTime != null">update_time,</if>
            <if test="inTime != null">in_time,</if>
            <if test="outTime != null">out_time,</if>
        </trim>
        <trim prefix="values (" suffix=")" suffixOverrides=",">
            <if test="visitorName != null">#{visitorName},</if>
            <if test="visitorCard != null">#{visitorCard},</if>
            <if test="imageId != null">#{imageId},</if>
            <if test="today != null">#{today},</if>
            <if test="num != null">#{num},</if>
            <if test="status != null">#{status},</if>
            <if test="remark != null">#{remark},</if>
            <if test="createBy != null">#{createBy},</if>
            <if test="createTime != null">#{createTime},</if>
            <if test="updateBy != null">#{updateBy},</if>
            <if test="updateTime != null">#{updateTime},</if>
            <if test="inTime != null">#{inTime},</if>
            <if test="outTime != null">#{outTime},</if>
        </trim>
    </insert>

    <update id="updateBsStaffHistory" parameterType="com.drin.smartpark.project.access.entity.BsStaffHistory">
        update bs_staff_history
        <trim prefix="SET" suffixOverrides=",">
            <if test="visitorName != null">visitor_name = #{visitorName},</if>
            <if test="visitorCard != null">visitor_card = #{visitorCard},</if>
            <if test="imageId != null">image_id = #{imageId},</if>
            <if test="today != null">today = #{today},</if>
            <if test="num != null">num = #{num},</if>
            <if test="status != null">status = #{status},</if>
            <if test="remark != null">remark = #{remark},</if>
            <if test="createBy != null">create_by = #{createBy},</if>
            <if test="createTime != null">create_time = #{createTime},</if>
            <if test="updateBy != null">update_by = #{updateBy},</if>
            <if test="updateTime != null">update_time = #{updateTime},</if>
            <if test="inTime != null">in_time = #{inTime},</if>
            <if test="outTime != null">out_time = #{outTime},</if>
        </trim>
        where visitor_id = #{visitorId}
    </update>

    <delete id="deleteBsStaffHistoryById" parameterType="Long">
        delete from bs_staff_history where visitor_id = #{visitorId}
    </delete>

    <delete id="deleteBsStaffHistoryByIds" parameterType="String">
        delete from bs_staff_history where visitor_id in
        <foreach item="visitorId" collection="array" open="(" separator="," close=")">
            #{visitorId}
        </foreach>
    </delete>

</mapper>