<?xml version="1.0" encoding="UTF-8" ?>
<!DOCTYPE mapper
        PUBLIC "-//mybatis.org//DTD Mapper 3.0//EN"
        "http://mybatis.org/dtd/mybatis-3-mapper.dtd">
<mapper namespace="com.drin.smartpark.project.access.mapper.BsVisitorHistoryMapper">

    <resultMap type="com.drin.smartpark.project.access.entity.BsVisitorHistory" id="BsVisitorHistoryResult">
        <result property="visitorId"    column="visitor_id"    />
        <result property="visitorName"    column="visitor_name"    />
        <result property="visitorCard"    column="visitor_card"    />
        <result property="imageId"    column="image_id"    />
        <result property="captureId"    column="capture_id"    />
        <result property="pictureId"    column="picture_id"    />
        <result property="status"    column="status"    />
        <result property="remark"    column="remark"    />
        <result property="createBy"    column="create_by"    />
        <result property="createTime"    column="create_time"    />
        <result property="updateBy"    column="update_by"    />
        <result property="updateTime"    column="update_time"    />
        <result property="inTime"    column="in_time"    />
        <result property="outTime"    column="out_time"    />
    </resultMap>

    <sql id="selectBsVisitorHistoryVo">
        select visitor_id,picture_id,capture_id, visitor_name, visitor_card, image_id, status, remark, create_by, create_time, update_by, update_time, in_time, out_time from bs_visitor_history
    </sql>

    <select id="selectBsVisitorHistoryList" parameterType="com.drin.smartpark.project.access.entity.BsVisitorHistory" resultMap="BsVisitorHistoryResult">
        <include refid="selectBsVisitorHistoryVo"/>
        <where>
            <if test="visitorName != null  and visitorName != ''"> and visitor_name like concat('%', #{visitorName}, '%')</if>
            <if test="visitorCard != null  and visitorCard != ''"> and visitor_card = #{visitorCard}</if>
            <if test="status != null  and status != ''"> and status = #{status}</if>
        </where>
        order by in_time desc
    </select>

    <select id="selectBsVisitorHistoryById" parameterType="Long" resultMap="BsVisitorHistoryResult">
        <include refid="selectBsVisitorHistoryVo"/>
        where visitor_id = #{visitorId}
    </select>

    <insert id="insertBsVisitorHistory" parameterType="com.drin.smartpark.project.access.entity.BsVisitorHistory" useGeneratedKeys="true" keyProperty="visitorId">
        insert into bs_visitor_history
        <trim prefix="(" suffix=")" suffixOverrides=",">
            <if test="visitorName != null">visitor_name,</if>
            <if test="visitorCard != null">visitor_card,</if>
            <if test="imageId != null">image_id,</if>
            <if test="captureId != null">capture_id,</if>
            <if test="pictureId != null">picture_id,</if>
            <if test="status != null">status,</if>
            <if test="remark != null">remark,</if>
            <if test="createBy != null">create_by,</if>
            <if test="createTime != null">create_time,</if>
            <if test="updateBy != null">update_by,</if>
            <if test="updateTime != null">update_time,</if>
            <if test="inTime != null">in_time,</if>
            <if test="outTime != null">out_time,</if>
        </trim>
        <trim prefix="values (" suffix=")" suffixOverrides=",">
            <if test="visitorName != null">#{visitorName},</if>
            <if test="visitorCard != null">#{visitorCard},</if>
            <if test="imageId != null">#{imageId},</if>
            <if test="captureId != null">#{captureId},</if>
            <if test="pictureId != null">#{pictureId},</if>
            <if test="status != null">#{status},</if>
            <if test="remark != null">#{remark},</if>
            <if test="createBy != null">#{createBy},</if>
            <if test="createTime != null">#{createTime},</if>
            <if test="updateBy != null">#{updateBy},</if>
            <if test="updateTime != null">#{updateTime},</if>
            <if test="inTime != null">#{inTime},</if>
            <if test="outTime != null">#{outTime},</if>
        </trim>
    </insert>

    <update id="updateBsVisitorHistory" parameterType="com.drin.smartpark.project.access.entity.BsVisitorHistory">
        update bs_visitor_history
        <trim prefix="SET" suffixOverrides=",">
            <if test="visitorName != null">visitor_name = #{visitorName},</if>
            <if test="visitorCard != null">visitor_card = #{visitorCard},</if>
            <if test="imageId != null">image_id = #{imageId},</if>
            <if test="status != null">status = #{status},</if>
            <if test="remark != null">remark = #{remark},</if>
            <if test="createBy != null">create_by = #{createBy},</if>
            <if test="createTime != null">create_time = #{createTime},</if>
            <if test="updateBy != null">update_by = #{updateBy},</if>
            <if test="updateTime != null">update_time = #{updateTime},</if>
            <if test="inTime != null">in_time = #{inTime},</if>
            <if test="outTime != null">out_time = #{outTime},</if>
        </trim>
        where visitor_id = #{visitorId}
    </update>

    <delete id="deleteBsVisitorHistoryById" parameterType="Long">
        delete from bs_visitor_history where visitor_id = #{visitorId}
    </delete>

    <delete id="deleteBsVisitorHistoryByIds" parameterType="String">
        delete from bs_visitor_history where visitor_id in
        <foreach item="visitorId" collection="array" open="(" separator="," close=")">
            #{visitorId}
        </foreach>
    </delete>

</mapper>