<?xml version="1.0" encoding="UTF-8" ?>
<!DOCTYPE mapper
        PUBLIC "-//mybatis.org//DTD Mapper 3.0//EN"
        "http://mybatis.org/dtd/mybatis-3-mapper.dtd">
<mapper namespace="com.drin.smartpark.project.access.mapper.BsVisitorPostMapper">

    <resultMap type="com.drin.smartpark.project.access.entity.BsVisitorPost" id="SysVisitorPostResult">
        <result property="visitorId"     column="Visitor_id"      />
        <result property="postId"     column="post_id"      />
    </resultMap>

    <delete id="deleteVisitorPostByVisitorId" parameterType="Long">
        delete from bs_visitor_post where visitor_id=#{visitorId}
    </delete>

    <select id="countVisitorPostById" resultType="Integer">
        select count(1) from bs_visitor_post where post_id=#{postId}
    </select>

    <delete id="deleteVisitorPost" parameterType="Long">
        delete from bs_visitor_post where visitor_id in
        <foreach collection="array" item="visitorId" open="(" separator="," close=")">
            #{visitorId}
        </foreach>
    </delete>

    <insert id="batchVisitorPost">
        insert into bs_visitor_post(Visitor_id, post_id) values
        <foreach item="item" index="index" collection="list" separator=",">
            (#{item.visitorId},#{item.postId})
        </foreach>
    </insert>

</mapper> 