<?xml version="1.0" encoding="UTF-8" ?>
<!DOCTYPE mapper
        PUBLIC "-//mybatis.org//DTD Mapper 3.0//EN"
        "http://mybatis.org/dtd/mybatis-3-mapper.dtd">
<mapper namespace="com.drin.smartpark.project.access.mapper.BsVisitorMapper">

    <resultMap type="com.drin.smartpark.project.access.entity.BsVisitor" id="BsVisitorResult">
        <result property="visitorId"    column="visitor_id"    />
        <result property="visitorName"    column="visitor_name"    />
        <result property="visitorCard"    column="visitor_card"    />
        <result property="deptId"    column="dept_id"    />
        <result property="imageId"    column="image_id"    />
        <result property="status"    column="status"    />
        <result property="remark"    column="remark"    />
        <result property="createBy"    column="create_by"    />
        <result property="createTime"    column="create_time"    />
        <result property="updateBy"    column="update_by"    />
        <result property="updateTime"    column="update_time"    />
    </resultMap>

    <sql id="selectBsVisitorVo">
        select visitor_id, visitor_name,dept_id, visitor_card, image_id, status, remark, create_by, create_time, update_by, update_time from bs_visitor
    </sql>

    <select id="selectBsVisitorList" parameterType="com.drin.smartpark.project.access.entity.BsVisitor" resultMap="BsVisitorResult">
        select visitor_id, visitor_name,v.dept_id, v.visitor_card, image_id, v.status, v.remark, v.create_by, v.create_time, v.update_by, update_time from bs_visitor v
#         left join bs_dept bd on v.dept_id = bd.dept_id
        <where>
            <if test="visitorName != null  and visitorName != ''"> and visitor_name like concat('%', #{visitorName}, '%')</if>
            <if test="visitorCard != null  and visitorCard != ''"> and visitor_card like concat('%', #{visitorCard}, '%')</if>
            <if test="status != null  and status != ''"> and status = #{status}</if>
            <if test="visitorType != null  and visitorType != ''"> and  visitor_type = #{visitorType}</if>
            <if test="deptId != null  and deptId != 0"> 	AND (v.dept_id = #{deptId} OR v.dept_id IN ( SELECT t.dept_id FROM bs_dept t WHERE FIND_IN_SET (#{deptId},ancestors) ))</if>
            <if test=" beginTime != null and beginTime !='' and endTime != '' and endTime != null"> and  create_time &gt;= #{beginTime} and create_time &lt;= #{endTime} </if>
        </where>
        order by v.create_time desc
    </select>

    <select id="selectBsVisitorById" parameterType="Long" resultMap="BsVisitorResult">
        <include refid="selectBsVisitorVo"/>
        where visitor_id = #{visitorId}
    </select>
    
    <select id="selectVisitorListByPostIds" resultType="com.drin.smartpark.project.access.entity.BsVisitor">
        select v.visitor_id,visitor_name,image_id,visitor_card,status
        from bs_visitor v left join bs_visitor_post bp on v.visitor_id = bp.visitor_id
        where bp.post_id in
        <foreach item="postId" collection="list" open="(" separator="," close=")">
            #{postId}
        </foreach>
    </select>

    <select id="selectVisitorListByPlicyId" resultType="com.drin.smartpark.project.access.entity.BsVisitor">
        select v.visitor_id,visitor_name,image_id,visitor_card,status
        from bs_visitor v left join bs_visitor_post bp on v.visitor_id = bp.visitor_id
        LEFT JOIN bs_plicy_post bpp on bp.post_id =bpp.post_id
        where bpp.plicy_id = #{plicyId}
    </select>

    <insert id="insertBsVisitor" parameterType="com.drin.smartpark.project.access.entity.BsVisitor" useGeneratedKeys="true" keyProperty="visitorId">
        insert into bs_visitor
        <trim prefix="(" suffix=")" suffixOverrides=",">
            <if test="visitorName != null and visitorName != ''">visitor_name,</if>
            <if test="visitorCard != null and visitorCard != ''">visitor_card,</if>
            <if test="deptId != null and imageId != ''">dept_id,</if>
            <if test="imageId != null and imageId != ''">image_id,</if>
            <if test="status != null and status != ''">status,</if>
            <if test="remark != null">remark,</if>
            <if test="visitorType != null">visitor_type,</if>
            <if test="createBy != null">create_by,</if>
            <if test="createTime != null">create_time,</if>
            <if test="updateBy != null">update_by,</if>
            <if test="updateTime != null">update_time,</if>
        </trim>
        <trim prefix="values (" suffix=")" suffixOverrides=",">
            <if test="visitorName != null and visitorName != ''">#{visitorName},</if>
            <if test="visitorCard != null and visitorCard != ''">#{visitorCard},</if>
            <if test="deptId != null and deptId != ''">#{deptId},</if>
            <if test="imageId != null and imageId != ''">#{imageId},</if>
            <if test="status != null and status != ''">#{status},</if>
            <if test="remark != null">#{remark},</if>
            <if test="visitorType != null">#{visitorType},</if>
            <if test="createBy != null">#{createBy},</if>
            <if test="createTime != null">#{createTime},</if>
            <if test="updateBy != null">#{updateBy},</if>
            <if test="updateTime != null">#{updateTime},</if>
        </trim>
    </insert>

    <update id="updateBsVisitor" parameterType="com.drin.smartpark.project.access.entity.BsVisitor">
        update bs_visitor
        <trim prefix="SET" suffixOverrides=",">
            <if test="visitorName != null and visitorName != ''">visitor_name = #{visitorName},</if>
            <if test="visitorCard != null and visitorCard != ''">visitor_card = #{visitorCard},</if>
            <if test="imageId != null and imageId != ''">image_id = #{imageId},</if>
            <if test="status != null and status != ''">status = #{status},</if>
            <if test="deptId!=null and deptId!='' ">dept_id = #{deptId},</if>
            <if test="remark != null">remark = #{remark},</if>
            <if test="createBy != null">create_by = #{createBy},</if>
            <if test="createTime != null">create_time = #{createTime},</if>
            <if test="updateBy != null">update_by = #{updateBy},</if>
            <if test="updateTime != null">update_time = #{updateTime},</if>
        </trim>
        where visitor_id = #{visitorId}
    </update>

    <delete id="deleteBsVisitorById" parameterType="Long">
        delete from bs_visitor where visitor_id = #{visitorId}
    </delete>

    <delete id="deleteBsVisitorByIds" parameterType="String">
        delete from bs_visitor where visitor_id in
        <foreach item="visitorId" collection="array" open="(" separator="," close=")">
            #{visitorId}
        </foreach>
    </delete>

</mapper>